<application>
  <component name="AppStorage">
    <histories>
      <item value="/** * Requests that the file or directory denoted by this abstract * pathname be deleted when the virtual machine terminates. * Files (or directories) are deleted in the reverse order that * they are registered. Invoking this method to delete a file or * directory that is already registered for deletion has no effect. * Deletion will be attempted only for normal termination of the * virtual machine, as defined by the Java Language Specification. * * &lt;p&gt; Once deletion has been requested, it is not possible to cancel the * request. This method should therefore be used with care. * * &lt;P&gt; * Note: this method should &lt;i&gt;not&lt;/i&gt; be used for file-locking, as * the resulting protocol cannot be made to work reliably. The * {@link java.nio.channels.FileLock FileLock} * facility should be used instead. * * @throws SecurityException * If a security manager exists and its &lt;code&gt;{@link * java.lang.SecurityManager#checkDelete}&lt;/code&gt; method denies * delete access to the file * * @see #delete * * @since 1.2" />
    </histories>
    <option name="languageScores">
      <map>
        <entry key="ENGLISH" value="1" />
      </map>
    </option>
  </component>
</application>